Full Name;Phone;Email;Age;Experience;Yearly Income;Has children;License states;Expiration date;License number
Alex Cho;18900991919;cho.cho;12;45;1200.11;TRUE;Alabama;12.12.2030;1xr567
Nereida Lupo;18900991919;nereidalupo@email.email;22;22;1200.12;TRUE;Vermont;13.12.2030;1xr568
Audie Buzzell;8900991919;Audie_Buzzell@email.email;23;42;1200.13;TRUE;Nebraska;14.12.2030;1xr569
Audie Buzzell;8900991919;Audie_Buzzell@email.email;23;42;1200.13;TRUE;Nebraska;14.12.2030;1xr569
Daren Holdaway;18900671943;Daren.Holdaway;24;23;1200.15;TRUE;Arizona;16.12.2030;1xr571
Dexter Poppe;18900651949;DexterPoppe@email.email;14;42;1200.16;FALSE;Hawaii;17.12.2030;1xr572
Dexter Poppe;18900651949;DexterPoppe@email.email;14;42;1200.17;FALSE;Hawaii;17.12.2030;1xr573
Dexter Poppe;18900651949;DexterPoppe@email.email;15;55;1200.18;FALSE;Hawaii;17.12.2030;1xr574
Dexter Poppe;18900651949;Dexter Poppe@email.email;56;23;1200.19;FALSE;Hawaii;17.12.2030;1xr575
Dexter Poppe;18900651949;Dexter Poppe@email.email;34;34;1200.20;FALSE;Hawaii;17.12.2030;1xr576
Marianna Trybus;18900991123;Marianna�Trybus;56;42;1200.21;TRUE;Mississippi;22.12.2030;1xr577
Jerald Parker;18900994567;Jerald�Parker;23;23;1200.22;TRUE;Oklahoma;23.12.2030;1xr578
Travis Murff;18900964324;Travis.urff;12;34;1200.23;TRUE;Oklahoma;24.12.2030;1xr579
Eli Kyle;18900220012;Eli.Kyle;18;42;1200.24;TRUE;New Jersey;25.12.2030;1xr580
Zulema Maddock;18900421421;Zulema�Maddock;21;24;1200.25;TRUE;North Carolina;26.12.2030;1xr581
Patti Peavey;18900421421;PattiPeavey@email.email;39;42;1200.26;TRUE;Alabama;27.12.2030;1xr582
Trudy Boettcher;18900942215;Trudy.Boettcher;30;30;1200.27;TRUE;Maryland;28.12.2030;1xr583
Jenniffer Musselman;18906554331;jef.ef;43;43;1200.28;TRUE;Alabama;29.12.2030;1xr584
Jenniffer Musselman;18906554331;jef.ef;43;43;1200.28;TRUE;Alabama;29.12.2030;1xr584
Jenniffer Musselman;18906554331;jef.ef;43;43;1200.28;TRUE;Alabama;29.12.2030;1xr584
Jenniffer Musselman;18906554331;jef.ef;43;43;1200.28;TRUE;Alabama;29.12.2030;1xr584
Gricelda Peraza;18900991548;grcel.pepeza;29;42;1200.29;TRUE;Maryland;30.12.2030;1xr585
Hassan Sanson;18900991653;hassan.sanson;10;42;1200.30;FALSE;Alabama;31.12.2030;1xr586
hassan sanson;18900991653;hassansanson@email.email;55;34;1200.30;FALSE;Alabama;01.01.2031;1xr587